Sample_number,run_id,run_date,sample_id,sample_operator,kit_type,date_pipeline,pipeline_iteration,pass_qc,sample_strain,sample_clade
1,1,10/21/21,HUP_18_prior,"Ashley, Lydia","NextSeq 500/550 Mid Output, 150 cycles",2/9/22,FluPipeline_updates3,,,
2,1,10/21/21,HUP_19_001,"Ashley, Lydia","NextSeq 500/550 Mid Output, 150 cycles",2/9/22,FluPipeline_updates3,,,
3,1,10/21/21,HUP_19_005,"Ashley, Lydia","NextSeq 500/550 Mid Output, 150 cycles",2/9/22,FluPipeline_updates3,,,
4,1,10/21/21,HUP_19_007,"Ashley, Lydia","NextSeq 500/550 Mid Output, 150 cycles",2/9/22,FluPipeline_updates3,,,
5,1,10/21/21,HUP_19_010,"Ashley, Lydia","NextSeq 500/550 Mid Output, 150 cycles",2/9/22,FluPipeline_updates3,,,
6,1,10/21/21,HUP_19_011,"Ashley, Lydia","NextSeq 500/550 Mid Output, 150 cycles",2/9/22,FluPipeline_updates3,,,
7,1,10/21/21,HUP_19_015,"Ashley, Lydia","NextSeq 500/550 Mid Output, 150 cycles",2/9/22,FluPipeline_updates3,,,
8,1,10/21/21,HUP_19_017,"Ashley, Lydia","NextSeq 500/550 Mid Output, 150 cycles",2/9/22,FluPipeline_updates3,,,
9,1,10/21/21,HUP_19_018,"Ashley, Lydia","NextSeq 500/550 Mid Output, 150 cycles",2/9/22,FluPipeline_updates3,,,
10,1,10/21/21,HUP_19_022,"Ashley, Lydia","NextSeq 500/550 Mid Output, 150 cycles",2/9/22,FluPipeline_updates3,,,
11,1,10/21/21,HUP_19_024,"Ashley, Lydia","NextSeq 500/550 Mid Output, 150 cycles",2/9/22,FluPipeline_updates3,,,
12,1,10/21/21,HUP_19_026,"Ashley, Lydia","NextSeq 500/550 Mid Output, 150 cycles",2/9/22,FluPipeline_updates3,,,
13,1,10/21/21,HUP_19_027,"Ashley, Lydia","NextSeq 500/550 Mid Output, 150 cycles",2/9/22,FluPipeline_updates3,,,
14,1,10/21/21,HUP_19_028,"Ashley, Lydia","NextSeq 500/550 Mid Output, 150 cycles",2/9/22,FluPipeline_updates3,,,
15,1,10/21/21,HUP_19_029,"Ashley, Lydia","NextSeq 500/550 Mid Output, 150 cycles",2/9/22,FluPipeline_updates3,,,
16,1,10/21/21,HUP_19_031,"Ashley, Lydia","NextSeq 500/550 Mid Output, 150 cycles",2/9/22,FluPipeline_updates3,,,
17,1,10/21/21,HUP_19_032,"Ashley, Lydia","NextSeq 500/550 Mid Output, 150 cycles",2/9/22,FluPipeline_updates3,,,
18,1,10/21/21,HUP_19_033,"Ashley, Lydia","NextSeq 500/550 Mid Output, 150 cycles",2/9/22,FluPipeline_updates3,,,
19,1,10/21/21,HUP_19_036,"Ashley, Lydia","NextSeq 500/550 Mid Output, 150 cycles",2/9/22,FluPipeline_updates3,,,
20,1,10/21/21,HUP_19_037,"Ashley, Lydia","NextSeq 500/550 Mid Output, 150 cycles",2/9/22,FluPipeline_updates3,,,
21,1,10/21/21,HUP_19_039,"Ashley, Lydia","NextSeq 500/550 Mid Output, 150 cycles",2/9/22,FluPipeline_updates3,,,
22,1,10/21/21,HUP_19_042,"Ashley, Lydia","NextSeq 500/550 Mid Output, 150 cycles",2/9/22,FluPipeline_updates3,,,
23,1,10/21/21,HUP_19_043,"Ashley, Lydia","NextSeq 500/550 Mid Output, 150 cycles",2/9/22,FluPipeline_updates3,,,
24,1,10/21/21,HUP_19_046,"Ashley, Lydia","NextSeq 500/550 Mid Output, 150 cycles",2/9/22,FluPipeline_updates3,,,
25,1,10/21/21,HUP_19_047,"Ashley, Lydia","NextSeq 500/550 Mid Output, 150 cycles",2/9/22,FluPipeline_updates3,,,
26,1,10/21/21,HUP_19_049,"Ashley, Lydia","NextSeq 500/550 Mid Output, 150 cycles",2/9/22,FluPipeline_updates3,,,
27,1,10/21/21,HUP_19_057,"Ashley, Lydia","NextSeq 500/550 Mid Output, 150 cycles",2/9/22,FluPipeline_updates3,,,
28,1,10/21/21,HUP_19_059,"Ashley, Lydia","NextSeq 500/550 Mid Output, 150 cycles",2/9/22,FluPipeline_updates3,,,
29,1,10/21/21,HUP_19_062,"Ashley, Lydia","NextSeq 500/550 Mid Output, 150 cycles",2/9/22,FluPipeline_updates3,,,
30,1,10/21/21,HUP_19_064,"Ashley, Lydia","NextSeq 500/550 Mid Output, 150 cycles",2/9/22,FluPipeline_updates3,,,
31,1,10/21/21,HUP_19_065,"Ashley, Lydia","NextSeq 500/550 Mid Output, 150 cycles",2/9/22,FluPipeline_updates3,,,
32,1,10/21/21,HUP_19_070,"Ashley, Lydia","NextSeq 500/550 Mid Output, 150 cycles",2/9/22,FluPipeline_updates3,,,
33,1,10/21/21,HUP_19_071,"Ashley, Lydia","NextSeq 500/550 Mid Output, 150 cycles",2/9/22,FluPipeline_updates3,,,
34,1,10/21/21,HUP_19_072,"Ashley, Lydia","NextSeq 500/550 Mid Output, 150 cycles",2/9/22,FluPipeline_updates3,,,
35,1,10/21/21,HUP_19_073,"Ashley, Lydia","NextSeq 500/550 Mid Output, 150 cycles",2/9/22,FluPipeline_updates3,,,
36,1,10/21/21,HUP_19_074,"Ashley, Lydia","NextSeq 500/550 Mid Output, 150 cycles",2/9/22,FluPipeline_updates3,,,
37,1,10/21/21,HUP_19_075,"Ashley, Lydia","NextSeq 500/550 Mid Output, 150 cycles",2/9/22,FluPipeline_updates3,,,
38,1,10/21/21,HUP_19_076,"Ashley, Lydia","NextSeq 500/550 Mid Output, 150 cycles",2/9/22,FluPipeline_updates3,,,
39,1,10/21/21,HUP_19_079,"Ashley, Lydia","NextSeq 500/550 Mid Output, 150 cycles",2/9/22,FluPipeline_updates3,,,
40,1,10/21/21,HUP_19_080,"Ashley, Lydia","NextSeq 500/550 Mid Output, 150 cycles",2/9/22,FluPipeline_updates3,,,
41,1,10/21/21,HUP_19_081,"Ashley, Lydia","NextSeq 500/550 Mid Output, 150 cycles",2/9/22,FluPipeline_updates3,,,
42,1,10/21/21,HUP_19_083,"Ashley, Lydia","NextSeq 500/550 Mid Output, 150 cycles",2/9/22,FluPipeline_updates3,,,
43,1,10/21/21,HUP_19_084,"Ashley, Lydia","NextSeq 500/550 Mid Output, 150 cycles",2/9/22,FluPipeline_updates3,,,
44,1,10/21/21,HUP_19_087,"Ashley, Lydia","NextSeq 500/550 Mid Output, 150 cycles",2/9/22,FluPipeline_updates3,,,
45,1,10/21/21,HUP_19_089,"Ashley, Lydia","NextSeq 500/550 Mid Output, 150 cycles",2/9/22,FluPipeline_updates3,,,
46,1,10/21/21,HUP_19_091,"Ashley, Lydia","NextSeq 500/550 Mid Output, 150 cycles",2/9/22,FluPipeline_updates3,,,
47,1,10/21/21,HUP_19_092,"Ashley, Lydia","NextSeq 500/550 Mid Output, 150 cycles",2/9/22,FluPipeline_updates3,,,
48,1,10/21/21,HUP_19_093,"Ashley, Lydia","NextSeq 500/550 Mid Output, 150 cycles",2/9/22,FluPipeline_updates3,,,
49,1,10/21/21,HUP_19_096,"Ashley, Lydia","NextSeq 500/550 Mid Output, 150 cycles",2/9/22,FluPipeline_updates3,,,
50,1,10/21/21,HUP_19d_001,"Ashley, Lydia","NextSeq 500/550 Mid Output, 150 cycles",2/9/22,FluPipeline_updates3,,,
51,1,10/21/21,HUP_19d_005,"Ashley, Lydia","NextSeq 500/550 Mid Output, 150 cycles",2/9/22,FluPipeline_updates3,,,
52,1,10/21/21,HUP_19d_007,"Ashley, Lydia","NextSeq 500/550 Mid Output, 150 cycles",2/9/22,FluPipeline_updates3,,,
53,1,10/21/21,HUP_19d_010,"Ashley, Lydia","NextSeq 500/550 Mid Output, 150 cycles",2/9/22,FluPipeline_updates3,,,
54,1,10/21/21,HUP_19d_011,"Ashley, Lydia","NextSeq 500/550 Mid Output, 150 cycles",2/9/22,FluPipeline_updates3,,,
55,1,10/21/21,HUP_19d_015,"Ashley, Lydia","NextSeq 500/550 Mid Output, 150 cycles",2/9/22,FluPipeline_updates3,,,
56,1,10/21/21,HUP_19d_017,"Ashley, Lydia","NextSeq 500/550 Mid Output, 150 cycles",2/9/22,FluPipeline_updates3,,,
57,1,10/21/21,HUP_19d_018,"Ashley, Lydia","NextSeq 500/550 Mid Output, 150 cycles",2/9/22,FluPipeline_updates3,,,
58,1,10/21/21,HUP_19d_022,"Ashley, Lydia","NextSeq 500/550 Mid Output, 150 cycles",2/9/22,FluPipeline_updates3,,,
59,1,10/21/21,HUP_19d_024,"Ashley, Lydia","NextSeq 500/550 Mid Output, 150 cycles",2/9/22,FluPipeline_updates3,,,
60,1,10/21/21,HUP_19d_026,"Ashley, Lydia","NextSeq 500/550 Mid Output, 150 cycles",2/9/22,FluPipeline_updates3,,,
61,1,10/21/21,HUP_19d_027,"Ashley, Lydia","NextSeq 500/550 Mid Output, 150 cycles",2/9/22,FluPipeline_updates3,,,
62,1,10/21/21,HUP_19d_028,"Ashley, Lydia","NextSeq 500/550 Mid Output, 150 cycles",2/9/22,FluPipeline_updates3,,,
63,1,10/21/21,HUP_19d_029,"Ashley, Lydia","NextSeq 500/550 Mid Output, 150 cycles",2/9/22,FluPipeline_updates3,,,
64,1,10/21/21,HUP_19d_031,"Ashley, Lydia","NextSeq 500/550 Mid Output, 150 cycles",2/9/22,FluPipeline_updates3,,,
65,1,10/21/21,HUP_19d_032,"Ashley, Lydia","NextSeq 500/550 Mid Output, 150 cycles",2/9/22,FluPipeline_updates3,,,
66,1,10/21/21,HUP_19d_033,"Ashley, Lydia","NextSeq 500/550 Mid Output, 150 cycles",2/9/22,FluPipeline_updates3,,,
67,1,10/21/21,HUP_19d_036,"Ashley, Lydia","NextSeq 500/550 Mid Output, 150 cycles",2/9/22,FluPipeline_updates3,,,
68,1,10/21/21,HUP_19d_037,"Ashley, Lydia","NextSeq 500/550 Mid Output, 150 cycles",2/9/22,FluPipeline_updates3,,,
69,1,10/21/21,HUP_19d_039,"Ashley, Lydia","NextSeq 500/550 Mid Output, 150 cycles",2/9/22,FluPipeline_updates3,,,
70,1,10/21/21,HUP_19d_042,"Ashley, Lydia","NextSeq 500/550 Mid Output, 150 cycles",2/9/22,FluPipeline_updates3,,,
71,1,10/21/21,HUP_19d_043,"Ashley, Lydia","NextSeq 500/550 Mid Output, 150 cycles",2/9/22,FluPipeline_updates3,,,
72,1,10/21/21,HUP_19d_046,"Ashley, Lydia","NextSeq 500/550 Mid Output, 150 cycles",2/9/22,FluPipeline_updates3,,,
73,1,10/21/21,HUP_19d_047,"Ashley, Lydia","NextSeq 500/550 Mid Output, 150 cycles",2/9/22,FluPipeline_updates3,,,
74,1,10/21/21,HUP_19d_049,"Ashley, Lydia","NextSeq 500/550 Mid Output, 150 cycles",2/9/22,FluPipeline_updates3,,,
75,1,10/21/21,HUP_19d_057,"Ashley, Lydia","NextSeq 500/550 Mid Output, 150 cycles",2/9/22,FluPipeline_updates3,,,
76,1,10/21/21,HUP_19d_059,"Ashley, Lydia","NextSeq 500/550 Mid Output, 150 cycles",2/9/22,FluPipeline_updates3,,,
77,1,10/21/21,HUP_19d_062,"Ashley, Lydia","NextSeq 500/550 Mid Output, 150 cycles",2/9/22,FluPipeline_updates3,,,
78,1,10/21/21,HUP_19d_064,"Ashley, Lydia","NextSeq 500/550 Mid Output, 150 cycles",2/9/22,FluPipeline_updates3,,,
79,1,10/21/21,HUP_19d_065,"Ashley, Lydia","NextSeq 500/550 Mid Output, 150 cycles",2/9/22,FluPipeline_updates3,,,
80,1,10/21/21,HUP_19d_070,"Ashley, Lydia","NextSeq 500/550 Mid Output, 150 cycles",2/9/22,FluPipeline_updates3,,,
81,1,10/21/21,HUP_19d_071,"Ashley, Lydia","NextSeq 500/550 Mid Output, 150 cycles",2/9/22,FluPipeline_updates3,,,
82,1,10/21/21,HUP_19d_072,"Ashley, Lydia","NextSeq 500/550 Mid Output, 150 cycles",2/9/22,FluPipeline_updates3,,,
83,1,10/21/21,HUP_19d_073,"Ashley, Lydia","NextSeq 500/550 Mid Output, 150 cycles",2/9/22,FluPipeline_updates3,,,
84,1,10/21/21,HUP_19d_074,"Ashley, Lydia","NextSeq 500/550 Mid Output, 150 cycles",2/9/22,FluPipeline_updates3,,,
85,1,10/21/21,HUP_19d_075,"Ashley, Lydia","NextSeq 500/550 Mid Output, 150 cycles",2/9/22,FluPipeline_updates3,,,
86,1,10/21/21,HUP_19d_076,"Ashley, Lydia","NextSeq 500/550 Mid Output, 150 cycles",2/9/22,FluPipeline_updates3,,,
87,1,10/21/21,HUP_19d_079,"Ashley, Lydia","NextSeq 500/550 Mid Output, 150 cycles",2/9/22,FluPipeline_updates3,,,
88,1,10/21/21,HUP_19d_080,"Ashley, Lydia","NextSeq 500/550 Mid Output, 150 cycles",2/9/22,FluPipeline_updates3,,,
89,1,10/21/21,HUP_19d_081,"Ashley, Lydia","NextSeq 500/550 Mid Output, 150 cycles",2/9/22,FluPipeline_updates3,,,
90,1,10/21/21,HUP_19d_083,"Ashley, Lydia","NextSeq 500/550 Mid Output, 150 cycles",2/9/22,FluPipeline_updates3,,,
91,1,10/21/21,HUP_19d_084,"Ashley, Lydia","NextSeq 500/550 Mid Output, 150 cycles",2/9/22,FluPipeline_updates3,,,
92,1,10/21/21,HUP_19d_087,"Ashley, Lydia","NextSeq 500/550 Mid Output, 150 cycles",2/9/22,FluPipeline_updates3,,,
93,1,10/21/21,HUP_19d_089,"Ashley, Lydia","NextSeq 500/550 Mid Output, 150 cycles",2/9/22,FluPipeline_updates3,,,
94,1,10/21/21,HUP_19d_091,"Ashley, Lydia","NextSeq 500/550 Mid Output, 150 cycles",2/9/22,FluPipeline_updates3,,,
95,1,10/21/21,HUP_19d_093,"Ashley, Lydia","NextSeq 500/550 Mid Output, 150 cycles",2/9/22,FluPipeline_updates3,,,
96,1,10/21/21,HUP_19d_096,"Ashley, Lydia","NextSeq 500/550 Mid Output, 150 cycles",2/9/22,FluPipeline_updates3,,,
97,2,12/10/21,ashley_2,"Ashley, Lydia","NextSeq 500/550 Mid Output, 150 cycles",2/21/22,FluPipeline_updates3,,,
98,2,12/10/21,ashley_3,"Ashley, Lydia","NextSeq 500/550 Mid Output, 150 cycles",2/21/22,FluPipeline_updates3,,,
99,2,12/10/21,ashley_4,"Ashley, Lydia","NextSeq 500/550 Mid Output, 150 cycles",2/21/22,FluPipeline_updates3,,,
100,2,12/10/21,ashley_5,"Ashley, Lydia","NextSeq 500/550 Mid Output, 150 cycles",2/21/22,FluPipeline_updates3,,,
101,2,12/10/21,H3_1,"Ashley, Lydia","NextSeq 500/550 Mid Output, 150 cycles",2/21/22,FluPipeline_updates3,No,H3N2,NA
102,2,12/10/21,H3_2,"Ashley, Lydia","NextSeq 500/550 Mid Output, 150 cycles",2/21/22,FluPipeline_updates3,,,
103,2,12/10/21,H3_3,"Ashley, Lydia","NextSeq 500/550 Mid Output, 150 cycles",2/21/22,FluPipeline_updates3,Yes,H3N2,3C.2a1b.2a.2
104,2,12/10/21,H3_4,"Ashley, Lydia","NextSeq 500/550 Mid Output, 150 cycles",2/21/22,FluPipeline_updates3,,,
105,2,12/10/21,H3_5,"Ashley, Lydia","NextSeq 500/550 Mid Output, 150 cycles",2/21/22,FluPipeline_updates3,No,H3N2,3C.2a1b.2a.2
106,2,12/10/21,H3_6,"Ashley, Lydia","NextSeq 500/550 Mid Output, 150 cycles",2/21/22,FluPipeline_updates3,No,H3N2,3C.2a1b.2a.2
107,2,12/10/21,H3_7,"Ashley, Lydia","NextSeq 500/550 Mid Output, 150 cycles",2/21/22,FluPipeline_updates3,No,H3N2,NA
108,2,12/10/21,H3_8,"Ashley, Lydia","NextSeq 500/550 Mid Output, 150 cycles",2/21/22,FluPipeline_updates3,Yes,H3N2,3C.2a1b.2a.2
109,2,12/10/21,H3_9,"Ashley, Lydia","NextSeq 500/550 Mid Output, 150 cycles",2/21/22,FluPipeline_updates3,Na,H3N2,NA
110,2,12/10/21,HUP_37,"Ashley, Lydia","NextSeq 500/550 Mid Output, 150 cycles",2/21/22,FluPipeline_updates3,No,H3N2,3C.2a1b.1b
111,2,12/10/21,HUP_57,"Ashley, Lydia","NextSeq 500/550 Mid Output, 150 cycles",2/21/22,FluPipeline_updates3,No,H1N1,6B.1A.5a.2
112,2,12/10/21,HUP_59,"Ashley, Lydia","NextSeq 500/550 Mid Output, 150 cycles",2/21/22,FluPipeline_updates3,Yes,H1N1,6B.1A.5A.1
113,2,12/10/21,HUP_73,"Ashley, Lydia","NextSeq 500/550 Mid Output, 150 cycles",2/21/22,FluPipeline_updates3,No,H1N1,unassigned
114,2,12/10/21,HUP_74,"Ashley, Lydia","NextSeq 500/550 Mid Output, 150 cycles",2/21/22,FluPipeline_updates3,No,NA,NA
115,2,12/10/21,HUP_75,"Ashley, Lydia","NextSeq 500/550 Mid Output, 150 cycles",2/21/22,FluPipeline_updates3,No,NA,NA
116,2,12/10/21,HUP_81,"Ashley, Lydia","NextSeq 500/550 Mid Output, 150 cycles",2/21/22,FluPipeline_updates3,No,H1N1,6B.1A.5a.2
117,2,12/10/21,HUP_83,"Ashley, Lydia","NextSeq 500/550 Mid Output, 150 cycles",2/21/22,FluPipeline_updates3,NA,NA,NA
118,2,12/10/21,HUP_84,"Ashley, Lydia","NextSeq 500/550 Mid Output, 150 cycles",2/21/22,FluPipeline_updates3,No,H1N1,NA
119,2,12/10/21,HUP_89,"Ashley, Lydia","NextSeq 500/550 Mid Output, 150 cycles",2/21/22,FluPipeline_updates3,No,H1N1,6B.1A.5a.2
120,2,12/10/21,water1,"Ashley, Lydia","NextSeq 500/550 Mid Output, 150 cycles",2/21/22,FluPipeline_updates3,No,H1N1,NA
121,2,12/10/21,water2,"Ashley, Lydia","NextSeq 500/550 Mid Output, 150 cycles",2/21/22,FluPipeline_updates3,No,NA,NA
122,3,1/20/22,Ashley_11,"Ashley, Lydia","NextSeq 500/550 Mid Output, 300 cycles",2/13/22,FluPipeline_updates3,No,H3N2,3C.3a
123,3,1/20/22,Ashley_11r,"Ashley, Lydia","NextSeq 500/550 Mid Output, 300 cycles",2/13/22,FluPipeline_updates3,No,H3N2,3C.3a
124,3,1/20/22,Ashley_2,"Ashley, Lydia","NextSeq 500/550 Mid Output, 300 cycles",2/13/22,FluPipeline_updates3,Yes,H3N2,3C.2a2
125,3,1/20/22,Ashley_2r,"Ashley, Lydia","NextSeq 500/550 Mid Output, 300 cycles",2/13/22,FluPipeline_updates3,Yes,H3N2,3C.2a2
126,3,1/20/22,Ashley_3,"Ashley, Lydia","NextSeq 500/550 Mid Output, 300 cycles",2/13/22,FluPipeline_updates3,Yes,H1N1,6B.1A.1
127,3,1/20/22,Ashley_3r,"Ashley, Lydia","NextSeq 500/550 Mid Output, 300 cycles",2/13/22,FluPipeline_updates3,Yes,H1N1,6B.1A.1
128,3,1/20/22,Ashley_4,"Ashley, Lydia","NextSeq 500/550 Mid Output, 300 cycles",2/13/22,FluPipeline_updates3,Yes,H3N2,3C.3a1
129,3,1/20/22,Ashley_4r,"Ashley, Lydia","NextSeq 500/550 Mid Output, 300 cycles",2/13/22,FluPipeline_updates3,Yes,H3N2,3C.3a1
130,3,1/20/22,Ashley_5,"Ashley, Lydia","NextSeq 500/550 Mid Output, 300 cycles",2/13/22,FluPipeline_updates3,No,H1N1,6B.1A.5b
131,3,1/20/22,Ashley_5r,"Ashley, Lydia","NextSeq 500/550 Mid Output, 300 cycles",2/13/22,FluPipeline_updates3,No,H1N1,6B.1A.5b
132,3,1/20/22,Ashley_6,"Ashley, Lydia","NextSeq 500/550 Mid Output, 300 cycles",2/13/22,FluPipeline_updates3,Yes,H1N1,6B.1A.1
133,3,1/20/22,Ashley_6r,"Ashley, Lydia","NextSeq 500/550 Mid Output, 300 cycles",2/13/22,FluPipeline_updates3,Yes,H1N1,6B.1A.1
134,3,1/20/22,Ashley_7,"Ashley, Lydia","NextSeq 500/550 Mid Output, 300 cycles",2/13/22,FluPipeline_updates3,No,H3N2,3C.2a2
135,3,1/20/22,Ashley_7r,"Ashley, Lydia","NextSeq 500/550 Mid Output, 300 cycles",2/13/22,FluPipeline_updates3,No,H3N2,3C.2a2
136,3,1/20/22,Ashley_8,"Ashley, Lydia","NextSeq 500/550 Mid Output, 300 cycles",2/13/22,FluPipeline_updates3,No,H1N1,6B.1A.5b
137,3,1/20/22,Ashley_8r,"Ashley, Lydia","NextSeq 500/550 Mid Output, 300 cycles",2/13/22,FluPipeline_updates3,No,H1N1,6B.1A.5b
138,3,1/20/22,Ashley_9,"Ashley, Lydia","NextSeq 500/550 Mid Output, 300 cycles",2/13/22,FluPipeline_updates3,Yes,H3N2,3C.3a1
139,3,1/20/22,Ashley_9r,"Ashley, Lydia","NextSeq 500/550 Mid Output, 300 cycles",2/13/22,FluPipeline_updates3,Yes,H3N2,3C.3a1
140,3,1/20/22,B21_03,"Ashley, Lydia","NextSeq 500/550 Mid Output, 300 cycles",2/13/22,FluPipeline_updates3,Yes,H3N2,3C.2a1b.2a.2
141,3,1/20/22,B21_05,"Ashley, Lydia","NextSeq 500/550 Mid Output, 300 cycles",2/13/22,FluPipeline_updates3,Yes,H3N2,3C.2a1b.2a.2
142,3,1/20/22,B21_06,"Ashley, Lydia","NextSeq 500/550 Mid Output, 300 cycles",2/13/22,FluPipeline_updates3,Yes,H3N2,3C.2a1b.2a.2
143,3,1/20/22,B21_08,"Ashley, Lydia","NextSeq 500/550 Mid Output, 300 cycles",2/13/22,FluPipeline_updates3,No,H3N2,3C.2a1b.2a.2
144,3,1/20/22,B21_09,"Ashley, Lydia","NextSeq 500/550 Mid Output, 300 cycles",2/13/22,FluPipeline_updates3,Yes,H3N2,3C.2a1b.2a.2
145,3,1/20/22,B21_10,"Ashley, Lydia","NextSeq 500/550 Mid Output, 300 cycles",2/13/22,FluPipeline_updates3,No,H3N2,3C.2a1b.2a.2
146,3,1/20/22,B21_11,"Ashley, Lydia","NextSeq 500/550 Mid Output, 300 cycles",2/13/22,FluPipeline_updates3,Yes,H3N2,3C.2a1b.2a.2
147,3,1/20/22,B21_12,"Ashley, Lydia","NextSeq 500/550 Mid Output, 300 cycles",2/13/22,FluPipeline_updates3,Yes,H3N2,3C.2a1b.2a.2
148,3,1/20/22,B21_13,"Ashley, Lydia","NextSeq 500/550 Mid Output, 300 cycles",2/13/22,FluPipeline_updates3,Yes,H3N2,3C.2a1b.2a.2
149,3,1/20/22,B21_16,"Ashley, Lydia","NextSeq 500/550 Mid Output, 300 cycles",2/13/22,FluPipeline_updates3,Yes,H3N2,3C.2a1b.2a.2
150,3,1/20/22,B21_17,"Ashley, Lydia","NextSeq 500/550 Mid Output, 300 cycles",2/13/22,FluPipeline_updates3,No,NA,NA
151,3,1/20/22,B21_18,"Ashley, Lydia","NextSeq 500/550 Mid Output, 300 cycles",2/13/22,FluPipeline_updates3,Yes,H3N2,3C.2a1b.2a.2
152,3,1/20/22,B21_19,"Ashley, Lydia","NextSeq 500/550 Mid Output, 300 cycles",2/13/22,FluPipeline_updates3,Yes,H3N2,3C.2a1b.2a.2
153,3,1/20/22,B21_25,"Ashley, Lydia","NextSeq 500/550 Mid Output, 300 cycles",2/13/22,FluPipeline_updates3,Yes,H3N2,3C.2a1b.2a.2
154,3,1/20/22,B21_27,"Ashley, Lydia","NextSeq 500/550 Mid Output, 300 cycles",2/13/22,FluPipeline_updates3,Yes,H3N2,3C.2a1b.2a.2
155,3,1/20/22,B21_28,"Ashley, Lydia","NextSeq 500/550 Mid Output, 300 cycles",2/13/22,FluPipeline_updates3,No,H1N1,6B.1A.5a.2
156,3,1/20/22,B21_30,"Ashley, Lydia","NextSeq 500/550 Mid Output, 300 cycles",2/13/22,FluPipeline_updates3,Yes,H3N2,3C.2a1b.2a.1
157,3,1/20/22,B21_31,"Ashley, Lydia","NextSeq 500/550 Mid Output, 300 cycles",2/13/22,FluPipeline_updates3,Yes,H3N2,3C.2a1b.2a.2
158,3,1/20/22,B21_33,"Ashley, Lydia","NextSeq 500/550 Mid Output, 300 cycles",2/13/22,FluPipeline_updates3,No,H1N1,6B.1A.5a.2
159,3,1/20/22,B21_34,"Ashley, Lydia","NextSeq 500/550 Mid Output, 300 cycles",2/13/22,FluPipeline_updates3,No,H1N1,6B.1A.5a.2
160,3,1/20/22,B21_37,"Ashley, Lydia","NextSeq 500/550 Mid Output, 300 cycles",2/13/22,FluPipeline_updates3,No,H1N1,6B.1A.5a.2
161,3,1/20/22,B21_44,"Ashley, Lydia","NextSeq 500/550 Mid Output, 300 cycles",2/13/22,FluPipeline_updates3,No,H3N2,3C.2a1b.2a.2
162,3,1/20/22,B21_45,"Ashley, Lydia","NextSeq 500/550 Mid Output, 300 cycles",2/13/22,FluPipeline_updates3,No,H3N2,3C.2a1b.2a.2
163,3,1/20/22,H1_Del_1,"Ashley, Lydia","NextSeq 500/550 Mid Output, 300 cycles",2/13/22,FluPipeline_updates3,No,H1N1,6B.1A.5b
164,3,1/20/22,H1_Del_2,"Ashley, Lydia","NextSeq 500/550 Mid Output, 300 cycles",2/13/22,FluPipeline_updates3,No,H1N1,6B.1A.5b
165,3,1/20/22,H3_Cambodia,"Ashley, Lydia","NextSeq 500/550 Mid Output, 300 cycles",2/13/22,FluPipeline_updates3,No,H3N2,3C.2a1b.2a.1
166,3,1/20/22,H6N1_Cow,"Ashley, Lydia","NextSeq 500/550 Mid Output, 300 cycles",2/13/22,FluPipeline_updates3,Yes,H6,NA
167,3,1/20/22,Neg,"Ashley, Lydia","NextSeq 500/550 Mid Output, 300 cycles",2/13/22,FluPipeline_updates3,No,NA,NA
168,4,2/3/22,Ashley_11,Lydia,"NextSeq 500/550 Mid Output, 300 cycles",,FluPipeline_updates3,No,H1N1,6B.1A.1
169,4,2/3/22,Ashley_11r,Lydia,"NextSeq 500/550 Mid Output, 300 cycles",,FluPipeline_updates3,No,H3N2,3C.3a
170,4,2/3/22,Ashley_2,Lydia,"NextSeq 500/550 Mid Output, 300 cycles",,FluPipeline_updates3,No,H3N2,3C.2a2
171,4,2/3/22,Ashley_2r,Lydia,"NextSeq 500/550 Mid Output, 300 cycles",,FluPipeline_updates3,No,H3N2,3C.2a1b.2a.2
172,4,2/3/22,Ashley_3,Lydia,"NextSeq 500/550 Mid Output, 300 cycles",,FluPipeline_updates3,No,H1N1,6B.1A.1
173,4,2/3/22,Ashley_3r,Lydia,"NextSeq 500/550 Mid Output, 300 cycles",,FluPipeline_updates3,No,H3N2,3C.3a
174,4,2/3/22,Ashley_4,Lydia,"NextSeq 500/550 Mid Output, 300 cycles",,FluPipeline_updates3,Yes,H3N2,3C.3a1
175,4,2/3/22,Ashley_4r,Lydia,"NextSeq 500/550 Mid Output, 300 cycles",,FluPipeline_updates3,Yes,H3N2,3C.3a1
176,4,2/3/22,Ashley_5,Lydia,"NextSeq 500/550 Mid Output, 300 cycles",,FluPipeline_updates3,No,H1N1,6B.1A.5b
177,4,2/3/22,Ashley_5r,Lydia,"NextSeq 500/550 Mid Output, 300 cycles",,FluPipeline_updates3,No,H1N1,6B.1A.5b
178,4,2/3/22,Ashley_6,Lydia,"NextSeq 500/550 Mid Output, 300 cycles",,FluPipeline_updates3,No,H3N2,3C.2a2
179,4,2/3/22,Ashley_6r,Lydia,"NextSeq 500/550 Mid Output, 300 cycles",,FluPipeline_updates3,No,H1N1,6B.1A.5b
180,4,2/3/22,Ashley_7,Lydia,"NextSeq 500/550 Mid Output, 300 cycles",,FluPipeline_updates3,No,H1N1,6B.1A.1
181,4,2/3/22,Ashley_7r,Lydia,"NextSeq 500/550 Mid Output, 300 cycles",,FluPipeline_updates3,Yes,H3N2,3C.3a1
182,4,2/3/22,Ashley_8,Lydia,"NextSeq 500/550 Mid Output, 300 cycles",,FluPipeline_updates3,Yes,H3N2,3C.3a1
183,4,2/3/22,Ashley_8r,Lydia,"NextSeq 500/550 Mid Output, 300 cycles",,FluPipeline_updates3,No,NA,NA
184,4,2/3/22,Ashley_9,Lydia,"NextSeq 500/550 Mid Output, 300 cycles",,FluPipeline_updates3,No,H1N1,6B.1A.5b
185,4,2/3/22,Ashley_9r,Lydia,"NextSeq 500/550 Mid Output, 300 cycles",,FluPipeline_updates3,No,H3N2,3C.2a2
186,4,2/3/22,B21-0003,Lydia,"NextSeq 500/550 Mid Output, 300 cycles",,FluPipeline_updates3,Yes,H3N2,3C.2a1b.2a.2
187,4,2/3/22,B21-0003R,Lydia,"NextSeq 500/550 Mid Output, 300 cycles",,FluPipeline_updates3,Yes,H3N2,3C.2a1b.2a.2
188,4,2/3/22,B21-0005,Lydia,"NextSeq 500/550 Mid Output, 300 cycles",,FluPipeline_updates3,Yes,H3N2,3C.2a1b.2a.2
189,4,2/3/22,B21-0005R,Lydia,"NextSeq 500/550 Mid Output, 300 cycles",,FluPipeline_updates3,Yes,H3N2,3C.2a1b.2a.2
190,4,2/3/22,B21-0006,Lydia,"NextSeq 500/550 Mid Output, 300 cycles",,FluPipeline_updates3,Yes,H3N2,3C.2a1b.2a.2
191,4,2/3/22,B21-0006R,Lydia,"NextSeq 500/550 Mid Output, 300 cycles",,FluPipeline_updates3,Yes,H3N2,3C.2a1b.2a.2
192,4,2/3/22,B21-0008,Lydia,"NextSeq 500/550 Mid Output, 300 cycles",,FluPipeline_updates3,No,NA,NA
193,4,2/3/22,B21-0008R,Lydia,"NextSeq 500/550 Mid Output, 300 cycles",,FluPipeline_updates3,No,NA,NA
194,4,2/3/22,B21-0009,Lydia,"NextSeq 500/550 Mid Output, 300 cycles",,FluPipeline_updates3,Yes,H3N2,3C.2a1b.2a.2
195,4,2/3/22,B21-0009R,Lydia,"NextSeq 500/550 Mid Output, 300 cycles",,FluPipeline_updates3,Yes,H3N2,3C.2a1b.2a.2
196,4,2/3/22,B21-0010,Lydia,"NextSeq 500/550 Mid Output, 300 cycles",,FluPipeline_updates3,Yes,H3N2,3C.2a1b.2a.2
197,4,2/3/22,B21-0010R,Lydia,"NextSeq 500/550 Mid Output, 300 cycles",,FluPipeline_updates3,Yes,H3N2,3C.2a1b.2a.2
198,4,2/3/22,B21-0011,Lydia,"NextSeq 500/550 Mid Output, 300 cycles",,FluPipeline_updates3,Yes,H3N2,3C.2a1b.2a.2
199,4,2/3/22,B21-0011R,Lydia,"NextSeq 500/550 Mid Output, 300 cycles",,FluPipeline_updates3,Yes,H3N2,3C.2a1b.2a.2
200,4,2/3/22,B21-0012,Lydia,"NextSeq 500/550 Mid Output, 300 cycles",,FluPipeline_updates3,Yes,H3N2,3C.2a1b.2a.2
201,4,2/3/22,B21-0012R,Lydia,"NextSeq 500/550 Mid Output, 300 cycles",,FluPipeline_updates3,Yes,H3N2,3C.2a1b.2a.2
202,4,2/3/22,B21-0016,Lydia,"NextSeq 500/550 Mid Output, 300 cycles",,FluPipeline_updates3,Yes,H3N2,3C.2a1b.2a.2
203,4,2/3/22,B21-0016R,Lydia,"NextSeq 500/550 Mid Output, 300 cycles",,FluPipeline_updates3,Yes,H3N2,3C.2a1b.2a.2
204,4,2/3/22,B21-0017,Lydia,"NextSeq 500/550 Mid Output, 300 cycles",,FluPipeline_updates3,Yes,H3N2,3C.2a1b.2a.2
206,4,2/3/22,B21-0017R,Lydia,"NextSeq 500/550 Mid Output, 300 cycles",,FluPipeline_updates3,Yes,H3N2,3C.2a1b.2a.2
208,4,2/3/22,B21-0018,Lydia,"NextSeq 500/550 Mid Output, 300 cycles",,FluPipeline_updates3,No,NA,NA
209,4,2/3/22,B21-0018R,Lydia,"NextSeq 500/550 Mid Output, 300 cycles",,FluPipeline_updates3,No,NA,NA
210,4,2/3/22,B21-0019,Lydia,"NextSeq 500/550 Mid Output, 300 cycles",,FluPipeline_updates3,Yes,H3N2,3C.2a1b.2a.2
211,4,2/3/22,B21-0019R,Lydia,"NextSeq 500/550 Mid Output, 300 cycles",,FluPipeline_updates3,Yes,H3N2,3C.2a1b.2a.2
212,4,2/3/22,B21-0025,Lydia,"NextSeq 500/550 Mid Output, 300 cycles",,FluPipeline_updates3,,,
213,4,2/3/22,B21-0025R,Lydia,"NextSeq 500/550 Mid Output, 300 cycles",,FluPipeline_updates3,Yes,H3N2,3C.2a1b.2a.2
214,4,2/3/22,B21-0027,Lydia,"NextSeq 500/550 Mid Output, 300 cycles",,FluPipeline_updates3,Yes,H3N2,3C.2a1b.2a.2
215,4,2/3/22,B21-0027R,Lydia,"NextSeq 500/550 Mid Output, 300 cycles",,FluPipeline_updates3,Yes,H3N2,3C.2a1b.2a.2
216,4,2/3/22,B21-0028,Lydia,"NextSeq 500/550 Mid Output, 300 cycles",,FluPipeline_updates3,No,NA,NA
217,4,2/3/22,B21-0028R,Lydia,"NextSeq 500/550 Mid Output, 300 cycles",,FluPipeline_updates3,No,NA,NA
219,4,2/3/22,B21-0030,Lydia,"NextSeq 500/550 Mid Output, 300 cycles",,FluPipeline_updates3,No,H3N2,3C.2a1b.2a.2
220,4,2/3/22,B21-0030R,Lydia,"NextSeq 500/550 Mid Output, 300 cycles",,FluPipeline_updates3,No,H3N2,3C.2a1b.2a.2
222,4,2/3/22,B21-0031,Lydia,"NextSeq 500/550 Mid Output, 300 cycles",,FluPipeline_updates3,Yes,H3N2,3C.2a1b.2a.2
223,4,2/3/22,B21-0031R,Lydia,"NextSeq 500/550 Mid Output, 300 cycles",,FluPipeline_updates3,Yes,H3N2,3C.2a1b.2a.2
224,4,2/3/22,B21-0033,Lydia,"NextSeq 500/550 Mid Output, 300 cycles",,FluPipeline_updates3,No,NA,NA
225,4,2/3/22,B21-0033R,Lydia,"NextSeq 500/550 Mid Output, 300 cycles",,FluPipeline_updates3,No,NA,NA
226,4,2/3/22,B21-0034,Lydia,"NextSeq 500/550 Mid Output, 300 cycles",,FluPipeline_updates3,No,H3N2,3C.2a1b.2a.2
227,4,2/3/22,B21-0034R,Lydia,"NextSeq 500/550 Mid Output, 300 cycles",,FluPipeline_updates3,Yes,H3N2,3C.2a1b.2a.2
228,4,2/3/22,B21-0037,Lydia,"NextSeq 500/550 Mid Output, 300 cycles",,FluPipeline_updates3,No,NA,NA
229,4,2/3/22,B21-0037R,Lydia,"NextSeq 500/550 Mid Output, 300 cycles",,FluPipeline_updates3,No,NA,NA
230,4,2/3/22,B21-0048,Lydia,"NextSeq 500/550 Mid Output, 300 cycles",,FluPipeline_updates3,No,H3N2,3C.2a1b.2a.2
231,4,2/3/22,B21-0048R,Lydia,"NextSeq 500/550 Mid Output, 300 cycles",,FluPipeline_updates3,No,H3N2,3C.2a1b.2a.2
232,4,2/3/22,B21-0049,Lydia,"NextSeq 500/550 Mid Output, 300 cycles",,FluPipeline_updates3,No,NA,NA
233,4,2/3/22,B21-0049R,Lydia,"NextSeq 500/550 Mid Output, 300 cycles",,FluPipeline_updates3,No,NA,NA
234,4,2/3/22,B21-0050,Lydia,"NextSeq 500/550 Mid Output, 300 cycles",,FluPipeline_updates3,Yes,H3N2,3C.2a1b.2a.2
235,4,2/3/22,B21-0050R,Lydia,"NextSeq 500/550 Mid Output, 300 cycles",,FluPipeline_updates3,Yes,H3N2,3C.2a1b.2a.2
236,4,2/3/22,B21-0053,Lydia,"NextSeq 500/550 Mid Output, 300 cycles",,FluPipeline_updates3,Yes,H3N2,3C.2a1b.2a.2
237,4,2/3/22,B21-0053R,Lydia,"NextSeq 500/550 Mid Output, 300 cycles",,FluPipeline_updates3,Yes,H3N2,3C.2a1b.2a.2
238,4,2/3/22,CHOB001,Lydia,"NextSeq 500/550 Mid Output, 300 cycles",,FluPipeline_updates3,No,H3N2,3C.2a2
239,4,2/3/22,CHOB001r,Lydia,"NextSeq 500/550 Mid Output, 300 cycles",,FluPipeline_updates3,No,NA,NA
240,4,2/3/22,H1_Del_POS,Lydia,"NextSeq 500/550 Mid Output, 300 cycles",,FluPipeline_updates3,No,H1N1,6B.1A.5b
241,4,2/3/22,H1_Del_POSr,Lydia,"NextSeq 500/550 Mid Output, 300 cycles",,FluPipeline_updates3,No,H1N1,6B.1A.5b
242,4,2/3/22,H3_POS,Lydia,"NextSeq 500/550 Mid Output, 300 cycles",,FluPipeline_updates3,No,H3N2,3C.2a1b.2a.1
243,4,2/3/22,H3_POSr,Lydia,"NextSeq 500/550 Mid Output, 300 cycles",,FluPipeline_updates3,No,H3N2,3C.2a1b.2a.1
244,4,2/3/22,H6_POS,Lydia,"NextSeq 500/550 Mid Output, 300 cycles",,FluPipeline_updates3,Yes,H6,NA
245,4,2/3/22,H6_POSr,Lydia,"NextSeq 500/550 Mid Output, 300 cycles",,FluPipeline_updates3,Yes,H6,NA
246,4,2/3/22,HUP1920-26,Lydia,"NextSeq 500/550 Mid Output, 300 cycles",,FluPipeline_updates3,No,H1N1,6B.1A.5a.2
247,4,2/3/22,HUP1920-26R,Lydia,"NextSeq 500/550 Mid Output, 300 cycles",,FluPipeline_updates3,No,H1N1,6B.1A.5a.2
248,4,2/3/22,HUP1920-27,Lydia,"NextSeq 500/550 Mid Output, 300 cycles",,FluPipeline_updates3,No,H1N1,6B.1A.5b
249,4,2/3/22,HUP1920-27R,Lydia,"NextSeq 500/550 Mid Output, 300 cycles",,FluPipeline_updates3,Yes,H1N1,6B.1A.5b
250,4,2/3/22,HUP1920-36,Lydia,"NextSeq 500/550 Mid Output, 300 cycles",,FluPipeline_updates3,No,H1N1,6B.1A.5a.2
251,4,2/3/22,HUP1920-36R,Lydia,"NextSeq 500/550 Mid Output, 300 cycles",,FluPipeline_updates3,No,H1N1,6B.1A.5a.2
252,4,2/3/22,HUP1920-59,Lydia,"NextSeq 500/550 Mid Output, 300 cycles",,FluPipeline_updates3,No,H1N1,6B.1A.5a.1
253,4,2/3/22,HUP1920-59R,Lydia,"NextSeq 500/550 Mid Output, 300 cycles",,FluPipeline_updates3,No,H1N1,6B.1A.5a.1
254,4,2/3/22,HUP1920-72,Lydia,"NextSeq 500/550 Mid Output, 300 cycles",,FluPipeline_updates3,No,H1N1,6B.1A.5a.1
255,4,2/3/22,HUP1920-72R,Lydia,"NextSeq 500/550 Mid Output, 300 cycles",,FluPipeline_updates3,No,H1N1,NA
256,4,2/3/22,HUP1920-96,Lydia,"NextSeq 500/550 Mid Output, 300 cycles",,FluPipeline_updates3,No,H1N1,6B.1A.5a.2
257,4,2/3/22,HUP1920-96R,Lydia,"NextSeq 500/550 Mid Output, 300 cycles",,FluPipeline_updates3,Yes,H1N1,6B.1A.5a.2
258,4,2/3/22,Negative,Lydia,"NextSeq 500/550 Mid Output, 300 cycles",,FluPipeline_updates3,,,
259,4,2/3/22,negative,Lydia,"NextSeq 500/550 Mid Output, 300 cycles",,FluPipeline_updates3,,,
258,4,2/3/22,Negative,Lydia,"NextSeq 500/550 Mid Output, 300 cycles",,FluPipeline_updates3,,,
259,4,2/3/22,negative,Lydia,"NextSeq 500/550 Mid Output, 300 cycles",,FluPipeline_updates3,,,
260,5,2/28/22,HUP_1,"Ashley, Lydia","NextSeq 500/550 High Output, 250 cycles",,FluPipeline_updates3,,,
261,5,2/28/22,HUP_5,"Ashley, Lydia","NextSeq 500/550 High Output, 250 cycles",,FluPipeline_updates3,,,
262,5,2/28/22,HUP_13,"Ashley, Lydia","NextSeq 500/550 High Output, 250 cycles",,FluPipeline_updates3,,,
263,5,2/28/22,HUP_15,"Ashley, Lydia","NextSeq 500/550 High Output, 250 cycles",,FluPipeline_updates3,,,
264,5,2/28/22,HUP_18,"Ashley, Lydia","NextSeq 500/550 High Output, 250 cycles",,FluPipeline_updates3,,,
265,5,2/28/22,HUP_19,"Ashley, Lydia","NextSeq 500/550 High Output, 250 cycles",,FluPipeline_updates3,,,
266,5,2/28/22,HUP_32,"Ashley, Lydia","NextSeq 500/550 High Output, 250 cycles",,FluPipeline_updates3,,,
267,5,2/28/22,HUP_37,"Ashley, Lydia","NextSeq 500/550 High Output, 250 cycles",,FluPipeline_updates3,,,
268,5,2/28/22,HUP_40,"Ashley, Lydia","NextSeq 500/550 High Output, 250 cycles",,FluPipeline_updates3,,,
269,5,2/28/22,HUP_43,"Ashley, Lydia","NextSeq 500/550 High Output, 250 cycles",,FluPipeline_updates3,,,
270,5,2/28/22,HUP_45,"Ashley, Lydia","NextSeq 500/550 High Output, 250 cycles",,FluPipeline_updates3,,,
271,5,2/28/22,HUP_57,"Ashley, Lydia","NextSeq 500/550 High Output, 250 cycles",,FluPipeline_updates3,,,
272,5,2/28/22,HUP_72,"Ashley, Lydia","NextSeq 500/550 High Output, 250 cycles",,FluPipeline_updates3,,,
273,5,2/28/22,HUP_73,"Ashley, Lydia","NextSeq 500/550 High Output, 250 cycles",,FluPipeline_updates3,,,
274,5,2/28/22,HUP_74,"Ashley, Lydia","NextSeq 500/550 High Output, 250 cycles",,FluPipeline_updates3,,,
275,5,2/28/22,HUP_75,"Ashley, Lydia","NextSeq 500/550 High Output, 250 cycles",,FluPipeline_updates3,,,
276,5,2/28/22,HUP_76,"Ashley, Lydia","NextSeq 500/550 High Output, 250 cycles",,FluPipeline_updates3,,,
277,5,2/28/22,HUP_79,"Ashley, Lydia","NextSeq 500/550 High Output, 250 cycles",,FluPipeline_updates3,,,
278,5,2/28/22,HUP_80,"Ashley, Lydia","NextSeq 500/550 High Output, 250 cycles",,FluPipeline_updates3,,,
279,5,2/28/22,HUP_81,"Ashley, Lydia","NextSeq 500/550 High Output, 250 cycles",,FluPipeline_updates3,,,
280,5,2/28/22,HUP_83,"Ashley, Lydia","NextSeq 500/550 High Output, 250 cycles",,FluPipeline_updates3,,,
281,5,2/28/22,HUP_84,"Ashley, Lydia","NextSeq 500/550 High Output, 250 cycles",,FluPipeline_updates3,,,
282,5,2/28/22,HUP_87,"Ashley, Lydia","NextSeq 500/550 High Output, 250 cycles",,FluPipeline_updates3,,,
283,5,2/28/22,HUP_89,"Ashley, Lydia","NextSeq 500/550 High Output, 250 cycles",,FluPipeline_updates3,,,
284,5,2/28/22,HUP_91,"Ashley, Lydia","NextSeq 500/550 High Output, 250 cycles",,FluPipeline_updates3,,,
285,5,2/28/22,HUP_92,"Ashley, Lydia","NextSeq 500/550 High Output, 250 cycles",,FluPipeline_updates3,,,
286,5,2/28/22,HUP_93,"Ashley, Lydia","NextSeq 500/550 High Output, 250 cycles",,FluPipeline_updates3,,,
287,5,2/28/22,HUP_96,"Ashley, Lydia","NextSeq 500/550 High Output, 250 cycles",,FluPipeline_updates3,,,
288,5,2/28/22,HUP_1_OldEx,"Ashley, Lydia","NextSeq 500/550 High Output, 250 cycles",,FluPipeline_updates3,,,
289,5,2/28/22,HUP_5_OldEx,"Ashley, Lydia","NextSeq 500/550 High Output, 250 cycles",,FluPipeline_updates3,,,
290,5,2/28/22,neg,"Ashley, Lydia","NextSeq 500/550 High Output, 250 cycles",,FluPipeline_updates3,,,
291,5,2/28/22,Ashley_1,"Ashley, Lydia","NextSeq 500/550 High Output, 250 cycles",,FluPipeline_updates3,Yes,H3N2,3C.2a2
292,5,2/28/22,H1_Del,"Ashley, Lydia","NextSeq 500/550 High Output, 250 cycles",,FluPipeline_updates3,,,
293,5,2/28/22,H3_Cam,"Ashley, Lydia","NextSeq 500/550 High Output, 250 cycles",,FluPipeline_updates3,,,
294,5,2/28/22,H6_Mass,"Ashley, Lydia","NextSeq 500/550 High Output, 250 cycles",,FluPipeline_updates3,,,
295,5,2/28/22,Ashley_2,"Ashley, Lydia","NextSeq 500/550 High Output, 250 cycles",,FluPipeline_updates3,No,H1N1pdm,6B.1A.1
296,5,2/28/22,Ashley_3,"Ashley, Lydia","NextSeq 500/550 High Output, 250 cycles",,FluPipeline_updates3,Yes,H3N2,3C.3a1
297,5,2/28/22,Ashley_4,"Ashley, Lydia","NextSeq 500/550 High Output, 250 cycles",,FluPipeline_updates3,No,H1N1pdm,6B.1A.5b
298,5,2/28/22,Ashley_5,"Ashley, Lydia","NextSeq 500/550 High Output, 250 cycles",,FluPipeline_updates3,No,H1N1pdm,6B.1A.5b
299,5,2/28/22,Ashley_6,"Ashley, Lydia","NextSeq 500/550 High Output, 250 cycles",,FluPipeline_updates3,Yes,H3N2,3C.3a1
300,5,2/28/22,HUP_1_2,"Ashley, Lydia","NextSeq 500/550 High Output, 250 cycles",,FluPipeline_updates3,,,
301,5,2/28/22,HUP_5_2,"Ashley, Lydia","NextSeq 500/550 High Output, 250 cycles",,FluPipeline_updates3,,,
302,5,2/28/22,HUP_13_2,"Ashley, Lydia","NextSeq 500/550 High Output, 250 cycles",,FluPipeline_updates3,,,
303,5,2/28/22,HUP_15_2,"Ashley, Lydia","NextSeq 500/550 High Output, 250 cycles",,FluPipeline_updates3,,,
304,5,2/28/22,HUP_18_2,"Ashley, Lydia","NextSeq 500/550 High Output, 250 cycles",,FluPipeline_updates3,,,
305,5,2/28/22,HUP_19_2,"Ashley, Lydia","NextSeq 500/550 High Output, 250 cycles",,FluPipeline_updates3,,,
306,5,2/28/22,HUP_32_2,"Ashley, Lydia","NextSeq 500/550 High Output, 250 cycles",,FluPipeline_updates3,,,
307,5,2/28/22,HUP_37_2,"Ashley, Lydia","NextSeq 500/550 High Output, 250 cycles",,FluPipeline_updates3,,,
308,5,2/28/22,HUP_40_2,"Ashley, Lydia","NextSeq 500/550 High Output, 250 cycles",,FluPipeline_updates3,,,
309,5,2/28/22,HUP_43_2,"Ashley, Lydia","NextSeq 500/550 High Output, 250 cycles",,FluPipeline_updates3,,,
310,5,2/28/22,HUP_45_2,"Ashley, Lydia","NextSeq 500/550 High Output, 250 cycles",,FluPipeline_updates3,,,
311,5,2/28/22,HUP_57_2,"Ashley, Lydia","NextSeq 500/550 High Output, 250 cycles",,FluPipeline_updates3,,,
312,5,2/28/22,HUP_72_2,"Ashley, Lydia","NextSeq 500/550 High Output, 250 cycles",,FluPipeline_updates3,,,
313,5,2/28/22,HUP_73_2,"Ashley, Lydia","NextSeq 500/550 High Output, 250 cycles",,FluPipeline_updates3,,,
314,5,2/28/22,HUP_74_2,"Ashley, Lydia","NextSeq 500/550 High Output, 250 cycles",,FluPipeline_updates3,,,
315,5,2/28/22,HUP_75_2,"Ashley, Lydia","NextSeq 500/550 High Output, 250 cycles",,FluPipeline_updates3,,,
316,5,2/28/22,HUP_76_2,"Ashley, Lydia","NextSeq 500/550 High Output, 250 cycles",,FluPipeline_updates3,,,
317,5,2/28/22,HUP_79_2,"Ashley, Lydia","NextSeq 500/550 High Output, 250 cycles",,FluPipeline_updates3,,,
318,5,2/28/22,HUP_80_2,"Ashley, Lydia","NextSeq 500/550 High Output, 250 cycles",,FluPipeline_updates3,,,
319,5,2/28/22,HUP_81_2,"Ashley, Lydia","NextSeq 500/550 High Output, 250 cycles",,FluPipeline_updates3,,,
320,5,2/28/22,HUP_83_2,"Ashley, Lydia","NextSeq 500/550 High Output, 250 cycles",,FluPipeline_updates3,,,
321,5,2/28/22,HUP_84_2,"Ashley, Lydia","NextSeq 500/550 High Output, 250 cycles",,FluPipeline_updates3,,,
322,5,2/28/22,HUP_87_2,"Ashley, Lydia","NextSeq 500/550 High Output, 250 cycles",,FluPipeline_updates3,,,
323,5,2/28/22,HUP_89_2,"Ashley, Lydia","NextSeq 500/550 High Output, 250 cycles",,FluPipeline_updates3,,,
324,5,2/28/22,HUP_91_2,"Ashley, Lydia","NextSeq 500/550 High Output, 250 cycles",,FluPipeline_updates3,,,
325,5,2/28/22,HUP_92_2,"Ashley, Lydia","NextSeq 500/550 High Output, 250 cycles",,FluPipeline_updates3,,,
326,5,2/28/22,HUP_93_2,"Ashley, Lydia","NextSeq 500/550 High Output, 250 cycles",,FluPipeline_updates3,,,
327,5,2/28/22,HUP_96_2,"Ashley, Lydia","NextSeq 500/550 High Output, 250 cycles",,FluPipeline_updates3,,,
328,5,2/28/22,HUP_1_OldEx_2,"Ashley, Lydia","NextSeq 500/550 High Output, 250 cycles",,FluPipeline_updates3,,,
329,5,2/28/22,HUP_5_OldEx_2,"Ashley, Lydia","NextSeq 500/550 High Output, 250 cycles",,FluPipeline_updates3,,,
330,5,2/28/22,neg_2,"Ashley, Lydia","NextSeq 500/550 High Output, 250 cycles",,FluPipeline_updates3,,,
331,5,2/28/22,Ashley_7,"Ashley, Lydia","NextSeq 500/550 High Output, 250 cycles",,FluPipeline_updates3,No,H1N1pdm,6B.1A.1
332,5,2/28/22,H1_Del_2,"Ashley, Lydia","NextSeq 500/550 High Output, 250 cycles",,FluPipeline_updates3,,,
333,5,2/28/22,H3_Cam_2,"Ashley, Lydia","NextSeq 500/550 High Output, 250 cycles",,FluPipeline_updates3,,,
334,5,2/28/22,H6_Mass_2,"Ashley, Lydia","NextSeq 500/550 High Output, 250 cycles",,FluPipeline_updates3,,,
335,5,2/28/22,Ashley_9,"Ashley, Lydia","NextSeq 500/550 High Output, 250 cycles",,FluPipeline_updates3,No,H3N2,3C.2a2
336,5,2/28/22,Ashley_10,"Ashley, Lydia","NextSeq 500/550 High Output, 250 cycles",,FluPipeline_updates3,Yes,H3N2,3C.3a
337,5,2/28/22,Ashley_11,"Ashley, Lydia","NextSeq 500/550 High Output, 250 cycles",,FluPipeline_updates3,No,H3N2,3C.3a
338,5,2/28/22,CHOB1S1,"Ashley, Lydia","NextSeq 500/550 High Output, 250 cycles",,FluPipeline_updates3,,,
339,5,2/28/22,neg_A1,"Ashley, Lydia","NextSeq 500/550 High Output, 250 cycles",,FluPipeline_updates3,No,H3N2,3C.3a
340,5,2/28/22,Ashley_1_2,"Ashley, Lydia","NextSeq 500/550 High Output, 250 cycles",,FluPipeline_updates3,Yes,H3N2,3C.2a2
341,5,2/28/22,Ashley_2_2,"Ashley, Lydia","NextSeq 500/550 High Output, 250 cycles",,FluPipeline_updates3,No,H1N1pdm,6B.1A.1
342,5,2/28/22,Ashley_3_2,"Ashley, Lydia","NextSeq 500/550 High Output, 250 cycles",,FluPipeline_updates3,Yes,H3N2,3C.3a1
343,5,2/28/22,Ashley_4_2,"Ashley, Lydia","NextSeq 500/550 High Output, 250 cycles",,FluPipeline_updates3,No,H1N1pdm,6B.1A.5b
344,5,2/28/22,Ashley_5_2,"Ashley, Lydia","NextSeq 500/550 High Output, 250 cycles",,FluPipeline_updates3,No,H1N1pdm,6B.1A.5b
345,5,2/28/22,Ashley_6_2,"Ashley, Lydia","NextSeq 500/550 High Output, 250 cycles",,FluPipeline_updates3,Yes,H3N2,3C.3a1
346,5,2/28/22,Ashley_7_2,"Ashley, Lydia","NextSeq 500/550 High Output, 250 cycles",,FluPipeline_updates3,No,H1N1pdm,6B.1A.1
347,5,2/28/22,Ashley_9_2,"Ashley, Lydia","NextSeq 500/550 High Output, 250 cycles",,FluPipeline_updates3,No,H3N2,3C.2a2
348,5,2/28/22,Ashley_10_2,"Ashley, Lydia","NextSeq 500/550 High Output, 250 cycles",,FluPipeline_updates3,Yes,H3N2,3C.3a
349,5,2/28/22,Ashley_11_2,"Ashley, Lydia","NextSeq 500/550 High Output, 250 cycles",,FluPipeline_updates3,No,H3N2,3C.3a
350,5,2/28/22,CHOB1S1_2,"Ashley, Lydia","NextSeq 500/550 High Output, 250 cycles",,FluPipeline_updates3,,,
351,5,2/28/22,neg_A2,"Ashley, Lydia","NextSeq 500/550 High Output, 250 cycles",,FluPipeline_updates3,No,H1N1pdm,6B.1A.5a.2
352,5,2/28/22,jordan_IBV,"Ashley, Lydia","NextSeq 500/550 High Output, 250 cycles",,FluPipeline_updates3,Yes,IBV Victoria,V1A.3
353,6,3/31/22,B21-48,Lydia,"NextSeq 500/550 High Output, 250 cycles",4/5/22,FluPipeline_updates4,yes,H3N2,3C.2a1b.2a.2
354,6,3/31/22,B21-49,Lydia,"NextSeq 500/550 High Output, 250 cycles",4/5/22,FluPipeline_updates4,no,,
355,6,3/31/22,B21-50,Lydia,"NextSeq 500/550 High Output, 250 cycles",4/5/22,FluPipeline_updates4,yes,H3N2,3C.2a1b.2a.2
356,6,3/31/22,B21-53,Lydia,"NextSeq 500/550 High Output, 250 cycles",4/5/22,FluPipeline_updates4,yes,H3N2,3C.2a1b.2a.2
357,6,3/31/22,B21-61,Lydia,"NextSeq 500/550 High Output, 250 cycles",4/5/22,FluPipeline_updates4,yes,H3N2,3C.2a1b.2a.2
358,6,3/31/22,B21-62,Lydia,"NextSeq 500/550 High Output, 250 cycles",4/5/22,FluPipeline_updates4,yes,H3N2,3C.2a1b.2a.2
359,6,3/31/22,B21-63,Lydia,"NextSeq 500/550 High Output, 250 cycles",4/5/22,FluPipeline_updates4,yes,H3N2,3C.2a1b.2a.2
360,6,3/31/22,B21-64,Lydia,"NextSeq 500/550 High Output, 250 cycles",4/5/22,FluPipeline_updates4,yes,H3N2,3C.2a1b.2a.2
361,6,3/31/22,B21-65,Lydia,"NextSeq 500/550 High Output, 250 cycles",4/5/22,FluPipeline_updates4,yes,H3N2,3C.2a1b.2a.2
362,6,3/31/22,B21-66,Lydia,"NextSeq 500/550 High Output, 250 cycles",4/5/22,FluPipeline_updates4,yes,H3N2,3C.2a1b.2a.2
363,6,3/31/22,B21-69,Lydia,"NextSeq 500/550 High Output, 250 cycles",4/5/22,FluPipeline_updates4,yes,H3N2,3C.2a1b.2a.2
364,6,3/31/22,B21-70,Lydia,"NextSeq 500/550 High Output, 250 cycles",4/5/22,FluPipeline_updates4,no,,
365,6,3/31/22,B21-71,Lydia,"NextSeq 500/550 High Output, 250 cycles",4/5/22,FluPipeline_updates4,yes,H3N2,3C.2a1b.2a.2
366,6,3/31/22,B21-73,Lydia,"NextSeq 500/550 High Output, 250 cycles",4/5/22,FluPipeline_updates4,yes,H3N2,3C.2a1b.2a.2
367,6,3/31/22,B21-75,Lydia,"NextSeq 500/550 High Output, 250 cycles",4/5/22,FluPipeline_updates4,yes,H3N2,3C.2a1b.2a.2
368,6,3/31/22,CHOB451,Lydia,"NextSeq 500/550 High Output, 250 cycles",4/5/22,FluPipeline_updates4,no,,
369,6,3/31/22,H3N2Cam,Lydia,"NextSeq 500/550 High Output, 250 cycles",4/5/22,FluPipeline_updates4,,,
370,6,3/31/22,H1N1Del,Lydia,"NextSeq 500/550 High Output, 250 cycles",4/5/22,FluPipeline_updates4,,,
371,6,3/31/22,H6N1Cal,Lydia,"NextSeq 500/550 High Output, 250 cycles",4/5/22,FluPipeline_updates4,,,
372,6,3/31/22,H3N2Camr,Lydia,"NextSeq 500/550 High Output, 250 cycles",4/5/22,FluPipeline_updates4,,,
373,6,3/31/22,H1N1Delr,Lydia,"NextSeq 500/550 High Output, 250 cycles",4/5/22,FluPipeline_updates4,,,
374,6,3/31/22,H6N1Calr,Lydia,"NextSeq 500/550 High Output, 250 cycles",4/5/22,FluPipeline_updates4,,,
375,6,3/31/22,neg,Lydia,"NextSeq 500/550 High Output, 250 cycles",4/5/22,FluPipeline_updates4,,,
376,6,3/31/22,negr,Lydia,"NextSeq 500/550 High Output, 250 cycles",4/5/22,FluPipeline_updates4,,,
377,6,3/31/22,B21-48r,Lydia,"NextSeq 500/550 High Output, 250 cycles",4/5/22,FluPipeline_updates4,yes,H3N2,3C.2a1b.2a.2
378,6,3/31/22,B21-49r,Lydia,"NextSeq 500/550 High Output, 250 cycles",4/5/22,FluPipeline_updates4,no,,
379,6,3/31/22,B21-50r,Lydia,"NextSeq 500/550 High Output, 250 cycles",4/5/22,FluPipeline_updates4,yes,H3N2,3C.2a1b.2a.2
380,6,3/31/22,B21-53r,Lydia,"NextSeq 500/550 High Output, 250 cycles",4/5/22,FluPipeline_updates4,yes,H3N2,3C.2a1b.2a.2
381,6,3/31/22,B21-61r,Lydia,"NextSeq 500/550 High Output, 250 cycles",4/5/22,FluPipeline_updates4,yes,H3N2,3C.2a1b.2a.2
382,6,3/31/22,B21-62r,Lydia,"NextSeq 500/550 High Output, 250 cycles",4/5/22,FluPipeline_updates4,yes,H3N2,3C.2a1b.2a.2
383,6,3/31/22,B21-63r,Lydia,"NextSeq 500/550 High Output, 250 cycles",4/5/22,FluPipeline_updates4,yes,H3N2,3C.2a1b.2a.2
384,6,3/31/22,B21-64r,Lydia,"NextSeq 500/550 High Output, 250 cycles",4/5/22,FluPipeline_updates4,yes,H3N2,3C.2a1b.2a.2
385,6,3/31/22,B21-65r,Lydia,"NextSeq 500/550 High Output, 250 cycles",4/5/22,FluPipeline_updates4,yes,H3N2,3C.2a1b.2a.2
386,6,3/31/22,B21-66r,Lydia,"NextSeq 500/550 High Output, 250 cycles",4/5/22,FluPipeline_updates4,yes,H3N2,3C.2a1b.2a.2
387,6,3/31/22,B21-69r,Lydia,"NextSeq 500/550 High Output, 250 cycles",4/5/22,FluPipeline_updates4,yes,H3N2,3C.2a1b.2a.2
388,6,3/31/22,B21-70r,Lydia,"NextSeq 500/550 High Output, 250 cycles",4/5/22,FluPipeline_updates4,no,,
389,6,3/31/22,B21-71r,Lydia,"NextSeq 500/550 High Output, 250 cycles",4/5/22,FluPipeline_updates4,yes,H3N2,3C.2a1b.2a.2
390,6,3/31/22,B21-73r,Lydia,"NextSeq 500/550 High Output, 250 cycles",4/5/22,FluPipeline_updates4,yes,H3N2,3C.2a1b.2a.2
391,6,3/31/22,B21-75r,Lydia,"NextSeq 500/550 High Output, 250 cycles",4/5/22,FluPipeline_updates4,yes,H3N2,3C.2a1b.2a.2
392,6,3/31/22,CHOB451r,Lydia,"NextSeq 500/550 High Output, 250 cycles",4/5/22,FluPipeline_updates4,no,,
393,6,3/31/22,CHOA-S-020,Lydia,"NextSeq 500/550 High Output, 250 cycles",4/5/22,FluPipeline_updates4,yes,H3N2,3C.2a2
394,6,3/31/22,CHOA-S-022,Lydia,"NextSeq 500/550 High Output, 250 cycles",4/5/22,FluPipeline_updates4,yes,H3N2,3C.2a2
395,6,3/31/22,CHOA-S-024,Lydia,"NextSeq 500/550 High Output, 250 cycles",4/5/22,FluPipeline_updates4,yes,H1N1pdm,6B.1A
396,6,3/31/22,CHOA-S-030,Lydia,"NextSeq 500/550 High Output, 250 cycles",4/5/22,FluPipeline_updates4,yes,H1N1pdm,6B.1A
397,6,3/31/22,CHOA-S-034,Lydia,"NextSeq 500/550 High Output, 250 cycles",4/5/22,FluPipeline_updates4,yes,H1N1pdm,6B.1A
398,6,3/31/22,CHOA-S-036,Lydia,"NextSeq 500/550 High Output, 250 cycles",4/5/22,FluPipeline_updates4,yes,H3N2,3C.2a2
399,6,3/31/22,CHOA-S-072,Lydia,"NextSeq 500/550 High Output, 250 cycles",4/5/22,FluPipeline_updates4,yes,H3N2,3C.2a2
400,6,3/31/22,CHOA-S-093,Lydia,"NextSeq 500/550 High Output, 250 cycles",4/5/22,FluPipeline_updates4,yes,H3N2,3C.2a2
401,6,3/31/22,CHOA-S-097,Lydia,"NextSeq 500/550 High Output, 250 cycles",4/5/22,FluPipeline_updates4,yes,H1N1pdm,6B.1A
402,6,3/31/22,CHOA-S-098,Lydia,"NextSeq 500/550 High Output, 250 cycles",4/5/22,FluPipeline_updates4,yes,H3N2,3C.2a1
403,6,3/31/22,CHOA-S-099,Lydia,"NextSeq 500/550 High Output, 250 cycles",4/5/22,FluPipeline_updates4,yes,H3N2,3C.2a2
404,6,3/31/22,CHOA-S-100,Lydia,"NextSeq 500/550 High Output, 250 cycles",4/5/22,FluPipeline_updates4,yes,H3N2,3C.2a2
405,6,3/31/22,neg-A,Lydia,"NextSeq 500/550 High Output, 250 cycles",4/5/22,FluPipeline_updates4,,,
406,6,3/31/22,CHOA-S-020r,Lydia,"NextSeq 500/550 High Output, 250 cycles",4/5/22,FluPipeline_updates4,yes,H3N2,3C.2a2
407,6,3/31/22,CHOA-S-022r,Lydia,"NextSeq 500/550 High Output, 250 cycles",4/5/22,FluPipeline_updates4,yes,H3N2,3C.2a2
408,6,3/31/22,CHOA-S-024r,Lydia,"NextSeq 500/550 High Output, 250 cycles",4/5/22,FluPipeline_updates4,yes,H1N1pdm,6B.1A
409,6,3/31/22,CHOA-S-030r,Lydia,"NextSeq 500/550 High Output, 250 cycles",4/5/22,FluPipeline_updates4,yes,H1N1pdm,6B.1A
410,6,3/31/22,CHOA-S-034r,Lydia,"NextSeq 500/550 High Output, 250 cycles",4/5/22,FluPipeline_updates4,yes,H1N1pdm,6B.1A
411,6,3/31/22,CHOA-S-036r,Lydia,"NextSeq 500/550 High Output, 250 cycles",4/5/22,FluPipeline_updates4,yes,H3N2,3C.2a2
412,6,3/31/22,CHOA-S-072r,Lydia,"NextSeq 500/550 High Output, 250 cycles",4/5/22,FluPipeline_updates4,yes,H3N2,3C.2a2
413,6,3/31/22,CHOA-S-093r,Lydia,"NextSeq 500/550 High Output, 250 cycles",4/5/22,FluPipeline_updates4,yes,H3N2,3C.2a2
414,6,3/31/22,CHOA-S-097r,Lydia,"NextSeq 500/550 High Output, 250 cycles",4/5/22,FluPipeline_updates4,yes,H1N1pdm,6B.1A
415,6,3/31/22,CHOA-S-098r,Lydia,"NextSeq 500/550 High Output, 250 cycles",4/5/22,FluPipeline_updates4,yes,H3N2,3C.2a1
416,6,3/31/22,CHOA-S-099r,Lydia,"NextSeq 500/550 High Output, 250 cycles",4/5/22,FluPipeline_updates4,yes,H3N2,3C.2a2
417,6,3/31/22,CHOA-S-100r,Lydia,"NextSeq 500/550 High Output, 250 cycles",4/5/22,FluPipeline_updates4,yes,H3N2,3C.2a2
418,6,3/31/22,neg-Ar,Lydia,"NextSeq 500/550 High Output, 250 cycles",4/5/22,FluPipeline_updates4,,,
419,7,5/4/22,B21_76,LYdia,"NextSeq 500/550 High Output, 250 cycles",5/20/22,FluPipeline-main,yes,H3N2,3C.2a1b.2a.2
420,7,5/4/22,B21_76R,,,,,yes,H3N2,3C.2a1b.2a.2
421,7,5/4/22,B21_78,,,,,yes,H3N2,3C.2a1b.2a.2
422,7,5/4/22,B21_78R,,,,,yes,H3N2,3C.2a1b.2a.2
423,7,5/4/22,B21_80,,,,,yes,H3N2,3C.2a1b.2a.2
424,7,5/4/22,B21_80R,,,,,yes,H3N2,3C.2a1b.2a.2
425,7,5/4/22,B21_81,,,,,No,,
426,7,5/4/22,B21_81R,,,,,,,
427,7,5/4/22,B21_82,,,,,,,
428,7,5/4/22,B21_82R,,,,,,,
429,7,5/4/22,B21_83,,,,,,,
430,7,5/4/22,B21_83R,,,,,,,
431,7,5/4/22,B21_86,,,,,,,
432,7,5/4/22,B21_86R,,,,,,,
433,7,5/4/22,B21_87,,,,,,,
434,7,5/4/22,B21_87R,,,,,,,
435,7,5/4/22,B21_88,,,,,,,
436,7,5/4/22,B21_88R,,,,,,,
437,7,5/4/22,B21_90,,,,,,,
438,7,5/4/22,B21_90R,,,,,,,
439,7,5/4/22,B21_91,,,,,,,
440,7,5/4/22,B21_91R,,,,,,,
441,7,5/4/22,B21_92,,,,,,,
442,7,5/4/22,B21_92R,,,,,,,
443,7,5/4/22,Cal09,,,,,,,
444,7,5/4/22,Cal09R,,,,,,,
445,7,5/4/22,CHOA_001,,,,,,,
446,7,5/4/22,CHOA_001R,,,,,,,
447,7,5/4/22,CHOA_006,,,,,,,
448,7,5/4/22,CHOA_006r,,,,,,,
449,7,5/4/22,CHOA_010,,,,,,,
450,7,5/4/22,CHOA_010r,,,,,,,
451,7,5/4/22,CHOA_012,,,,,,,
452,7,5/4/22,CHOA_012R,,,,,,,
453,7,5/4/22,CHOA_013,,,,,,,
454,7,5/4/22,CHOA_013R,,,,,,,
455,7,5/4/22,CHOA_015,,,,,,,
456,7,5/4/22,CHOA_015R,,,,,,,
457,7,5/4/22,CHOA_016,,,,,,,
458,7,5/4/22,CHOA_016R,,,,,,,
459,7,5/4/22,CHOA_018,,,,,,,
460,7,5/4/22,CHOA_018r,,,,,,,
461,7,5/4/22,CHOA_021,,,,,,,
462,7,5/4/22,CHOA_021R,,,,,,,
463,7,5/4/22,CHOA_029,,,,,,,
464,7,5/4/22,CHOA_029R,,,,,,,
465,7,5/4/22,CHOA_030,,,,,,,
466,7,5/4/22,CHOA_030R,,,,,,,
467,7,5/4/22,CHOA_031,,,,,,,
468,7,5/4/22,CHOA_031R,,,,,,,
469,7,5/4/22,CHOA_037,,,,,,,
470,7,5/4/22,CHOA_037R,,,,,,,
471,7,5/4/22,CHOA_042,,,,,,,
472,7,5/4/22,CHOA_042R,,,,,,,
473,7,5/4/22,CHOA_049,,,,,,,
474,7,5/4/22,CHOA_049r,,,,,,,
475,7,5/4/22,CHOA_051,,,,,,,
476,7,5/4/22,CHOA_051r,,,,,,,
477,7,5/4/22,CHOA_054,,,,,,,
478,7,5/4/22,CHOA_054R,,,,,,,
479,7,5/4/22,CHOA_056,,,,,,,
480,7,5/4/22,CHOA_056R,,,,,,,
481,7,5/4/22,CHOA_062,,,,,,,
482,7,5/4/22,CHOA_062R,,,,,,,
483,7,5/4/22,CHOA_067,,,,,,,
484,7,5/4/22,CHOA_067R,,,,,,,
485,7,5/4/22,CHOA_071,,,,,,,
486,7,5/4/22,CHOA_071r,,,,,,,
487,7,5/4/22,CHOA_072,,,,,,,
488,7,5/4/22,CHOA_072R,,,,,,,
489,7,5/4/22,CHOA_076,,,,,,,
490,7,5/4/22,CHOA_076r,,,,,,,
491,7,5/4/22,CHOA_084,,,,,,,
492,7,5/4/22,CHOA_084r,,,,,,,
493,7,5/4/22,CHOA_086,,,,,,,
494,7,5/4/22,CHOA_086r,,,,,,,
495,7,5/4/22,CHOA_094,,,,,,,
496,7,5/4/22,CHOA_094r,,,,,,,
497,7,5/4/22,CHOA_098,,,,,,,
498,7,5/4/22,CHOA_098R,,,,,,,
499,7,5/4/22,CHOB_004_S1,,,,,,,
500,7,5/4/22,CHOB_004_S1R,,,,,,,
501,7,5/4/22,CHOB_005_S1,,,,,,,
502,7,5/4/22,CHOB_005_S1R,,,,,,,
503,7,5/4/22,CHOB_007_S_1,,,,,,,
504,7,5/4/22,CHOB_007_S_1r,,,,,,,
505,7,5/4/22,H1Del,,,,,,,
506,7,5/4/22,H1DelR,,,,,,,
507,7,5/4/22,H3Cam,,,,,,,
508,7,5/4/22,H3CamR,,,,,,,
509,7,5/4/22,Neg_L,,,,,,,
510,7,5/4/22,Neg_LR,,,,,,,
511,7,5/4/22,Negative,,,,,,,
512,7,5/4/22,NegativeR,,,,,,,